{"chunk_definitions":[{"row":9,"row_count":1,"visible":true,"expansion_state":0,"options":{"engine":"r","label":"setup","include":false},"document_id":"D7F467C7","chunk_id":"csetup_chunk","chunk_label":"setup"},{"row":20,"row_count":1,"visible":true,"expansion_state":0,"options":{"engine":"r","echo":false,"label":"unnamed-chunk-1"},"document_id":"2131B20A","chunk_id":"cimj1028qoo83","chunk_label":"unnamed-chunk-1"},{"row":24,"row_count":1,"visible":true,"expansion_state":0,"options":{"engine":"r","echo":false,"label":"unnamed-chunk-2"},"document_id":"2131B20A","chunk_id":"csjl2gdfbiy9p","chunk_label":"unnamed-chunk-2"},{"row":30,"row_count":1,"visible":true,"expansion_state":0,"options":{"engine":"r","echo":false,"label":"unnamed-chunk-3"},"document_id":"2131B20A","chunk_id":"c9eb5owkv4waz","chunk_label":"unnamed-chunk-3"},{"row":34,"row_count":1,"visible":true,"expansion_state":0,"options":{"engine":"r","echo":false,"label":"unnamed-chunk-4"},"document_id":"2131B20A","chunk_id":"c0w54fsm8laoh","chunk_label":"unnamed-chunk-4"},{"row":40,"row_count":1,"visible":true,"expansion_state":0,"options":{"engine":"r","echo":false,"label":"unnamed-chunk-5"},"document_id":"2131B20A","chunk_id":"c33qqje0ne87n","chunk_label":"unnamed-chunk-5"},{"row":44,"row_count":1,"visible":true,"expansion_state":0,"options":{"engine":"r","echo":false,"label":"unnamed-chunk-6"},"document_id":"2131B20A","chunk_id":"cazpum6lndlcf","chunk_label":"unnamed-chunk-6"},{"row":62,"row_count":1,"visible":true,"expansion_state":0,"options":{"engine":"r","echo":false,"label":"unnamed-chunk-7"},"document_id":"1E121652","chunk_id":"cxgzaek78vfvc","chunk_label":"unnamed-chunk-7"},{"row":69,"row_count":1,"visible":true,"expansion_state":0,"options":{"engine":"r","echo":false,"label":"unnamed-chunk-1"},"document_id":"1E121652","chunk_id":"c6iaovnoqw0fg","chunk_label":"unnamed-chunk-8"},{"row":78,"row_count":1,"visible":true,"expansion_state":0,"options":{"engine":"r","echo":false,"label":"unnamed-chunk-2"},"document_id":"1E121652","chunk_id":"co3jjkcdbcy1c","chunk_label":"unnamed-chunk-9"},{"row":92,"row_count":1,"visible":true,"expansion_state":0,"options":{"engine":"r","echo":false,"label":"unnamed-chunk-3"},"document_id":"1E121652","chunk_id":"c6ynd9x48y8w1","chunk_label":"unnamed-chunk-10"},{"row":100,"row_count":1,"visible":true,"expansion_state":0,"options":{"engine":"r","echo":false,"label":"unnamed-chunk-4"},"document_id":"1E121652","chunk_id":"cymhmwa41862s","chunk_label":"unnamed-chunk-11"},{"row":108,"row_count":1,"visible":true,"expansion_state":0,"options":{"engine":"r","echo":false,"label":"unnamed-chunk-5"},"document_id":"1E121652","chunk_id":"cez52bm2ftuoy","chunk_label":"unnamed-chunk-12"},{"row":118,"row_count":1,"visible":true,"expansion_state":0,"options":{"engine":"r","echo":false,"label":"unnamed-chunk-6"},"document_id":"1E121652","chunk_id":"cc84mgxraqzmo","chunk_label":"unnamed-chunk-13"},{"row":126,"row_count":1,"visible":true,"expansion_state":0,"options":{"engine":"r","echo":false,"label":"unnamed-chunk-7"},"document_id":"1E121652","chunk_id":"chfe2tcauro3l","chunk_label":"unnamed-chunk-14"}],"doc_write_time":1606794875}